{
    "@timestamp": "2022-07-13T14:34:47.770Z",
    "agent": {
        "ephemeral_id": "f3a0dc2b-c17d-41ad-98d6-b130fabbfc81",
        "id": "cfe53861-1981-429e-9577-1d7e222706f8",
        "name": "kind-mono-control-plane",
        "type": "cloudbeat",
        "version": "8.4.0"
    },
    "cloud": {
        "account": {},
        "instance": {
            "id": "a534b387-8224-4949-b857-0414167f21bf",
            "name": "EUS2-GHEUS22UBT20EUS216-0227"
        },
        "machine": {
            "type": "Standard_DS2_v2"
        },
        "provider": "azure",
        "region": "eastus2",
        "service": {
            "name": "Virtual Machines"
        }
    },
    "cluster_id": "9a69ea5e-f30d-4828-b994-e11cab0d177a",
    "cycle_id": "d677b55f-2ded-413d-9145-55a3def3e509",
    "ecs": {
        "version": "8.0.0"
    },
    "file": {
        "accessed": "2022-07-13T14:34:47.60824841Z",
        "ctime": "2022-07-13T14:32:11.042286678Z",
        "directory": "/hostfs/etc/kubernetes",
        "gid": "0",
        "group": "root",
        "inode": "5162368",
        "mode": "755",
        "mtime": "2022-07-13T14:32:11.042286678Z",
        "name": "pki",
        "owner": "root",
        "path": "/hostfs/etc/kubernetes/pki",
        "size": 4096,
        "type": "directory",
        "uid": "0"
    },
    "host": {
        "architecture": "x86_64",
        "containerized": true,
        "hostname": "kind-mono-control-plane",
        "ip": [
            "10.244.0.1",
            "10.244.0.1",
            "10.244.0.1",
            "172.18.0.2",
            "fc00:f853:ccd:e793::2",
            "fe80::42:acff:fe12:2",
            "10.244.0.1",
            "10.244.0.1"
        ],
        "mac": [
            "02:42:ac:12:00:02",
            "72:e5:f6:22:10:09",
            "8a:df:ed:d6:b4:74",
            "ca:5f:53:c9:1f:0c",
            "d2:76:4e:ae:05:2b",
            "f6:d8:18:57:72:a8"
        ],
        "name": "kind-mono-control-plane",
        "os": {
            "codename": "bullseye",
            "family": "debian",
            "kernel": "5.13.0-1031-azure",
            "name": "Debian GNU/Linux",
            "platform": "debian",
            "type": "linux",
            "version": "11 (bullseye)"
        }
    },
    "resource": {
        "ecsFormat": "file",
        "id": "4c2a2fca-dd45-5490-9336-7d5727c6d555",
        "name": "/hostfs/etc/kubernetes/pki",
        "raw": {
            "gid": "0",
            "group": "root",
            "inode": "5162368",
            "mode": "755",
            "name": "pki",
            "owner": "root",
            "path": "/hostfs/etc/kubernetes/pki",
            "sub_type": "directory",
            "uid": "0"
        },
        "sub_type": "directory",
        "type": "file"
    },
    "resource_id": "4c2a2fca-dd45-5490-9336-7d5727c6d555",
    "result": {
        "evaluation": "passed",
        "evidence": {
            "group": "root",
            "owner": "root"
        },
        "expected": {
            "group": "root",
            "owner": "root"
        }
    },
    "rule": {
        "audit": "Run the below command (based on the file location on your system) on the\ncontrol plane node.\nFor example,\n```\nls -laR /etc/kubernetes/pki/\n```\nVerify that the ownership of all files and directories in this hierarchy is set to `root:root`.\n",
        "benchmark": {
            "name": "CIS Kubernetes V1.23",
            "version": "v1.0.0"
        },
        "default_value": "By default, the `/etc/kubernetes/pki/` directory and all of the files and directories contained within it, are set to be owned by the root user.\n",
        "description": "Ensure that the Kubernetes PKI directory and file ownership is set to `root:root`.\n",
        "id": "780ac02f-e0f5-537c-98ba-354ae5873a81",
        "impact": "None\n",
        "name": "Ensure that the Kubernetes PKI directory and file ownership is set to root:root (Automated)",
        "profile_applicability": "* Level 1 - Master Node\n",
        "rationale": "Kubernetes makes use of a number of certificates as part of its operation. You should set the ownership of the directory containing the PKI information and all files in that directory to maintain their integrity. The directory and files should be owned by root:root.\n",
        "references": "1. [https://kubernetes.io/docs/admin/kube-apiserver/](https://kubernetes.io/docs/admin/kube-apiserver/)\n",
        "remediation": "Run the below command (based on the file location on your system) on the\ncontrol plane node.\nFor example,\n```\nchown -R root:root /etc/kubernetes/pki/\n```\n",
        "section": "Control Plane Node Configuration Files",
        "tags": [
            "CIS",
            "Kubernetes",
            "CIS 1.1.19",
            "Control Plane Node Configuration Files"
        ],
        "version": "1.0"
    },
    "type": "file"
}