{
    "@timestamp": "2022-07-13T14:34:47.854Z",
    "agent": {
        "ephemeral_id": "f3a0dc2b-c17d-41ad-98d6-b130fabbfc81",
        "id": "cfe53861-1981-429e-9577-1d7e222706f8",
        "name": "kind-mono-control-plane",
        "type": "cloudbeat",
        "version": "8.4.0"
    },
    "cloud": {
        "account": {},
        "instance": {
            "id": "a534b387-8224-4949-b857-0414167f21bf",
            "name": "EUS2-GHEUS22UBT20EUS216-0227"
        },
        "machine": {
            "type": "Standard_DS2_v2"
        },
        "provider": "azure",
        "region": "eastus2",
        "service": {
            "name": "Virtual Machines"
        }
    },
    "cluster_id": "9a69ea5e-f30d-4828-b994-e11cab0d177a",
    "cycle_id": "d677b55f-2ded-413d-9145-55a3def3e509",
    "ecs": {
        "version": "8.0.0"
    },
    "host": {
        "architecture": "x86_64",
        "containerized": true,
        "hostname": "kind-mono-control-plane",
        "ip": [
            "10.244.0.1",
            "10.244.0.1",
            "10.244.0.1",
            "172.18.0.2",
            "fc00:f853:ccd:e793::2",
            "fe80::42:acff:fe12:2",
            "10.244.0.1",
            "10.244.0.1"
        ],
        "mac": [
            "02:42:ac:12:00:02",
            "72:e5:f6:22:10:09",
            "8a:df:ed:d6:b4:74",
            "ca:5f:53:c9:1f:0c",
            "d2:76:4e:ae:05:2b",
            "f6:d8:18:57:72:a8"
        ],
        "name": "kind-mono-control-plane",
        "os": {
            "codename": "bullseye",
            "family": "debian",
            "kernel": "5.13.0-1031-azure",
            "name": "Debian GNU/Linux",
            "platform": "debian",
            "type": "linux",
            "version": "11 (bullseye)"
        }
    },
    "process": {
        "args": [
            "/usr/bin/kubelet",
            "--bootstrap-kubeconfig=/etc/kubernetes/bootstrap-kubelet.conf",
            "--kubeconfig=/etc/kubernetes/kubelet.conf",
            "--config=/var/lib/kubelet/config.yaml",
            "--container-runtime=remote",
            "--container-runtime-endpoint=unix:///run/containerd/containerd.sock",
            "--fail-swap-on=false",
            "--node-ip=172.18.0.2",
            "--node-labels=",
            "--pod-infra-container-image=k8s.gcr.io/pause:3.4.1",
            "--provider-id=kind://docker/kind-mono/kind-mono-control-plane",
            "--fail-swap-on=false",
            "--cgroup-root=/kubelet"
        ],
        "args_count": 13,
        "command_line": "/usr/bin/kubelet --bootstrap-kubeconfig=/etc/kubernetes/bootstrap-kubelet.conf --kubeconfig=/etc/kubernetes/kubelet.conf --config=/var/lib/kubelet/config.yaml --container-runtime=remote --container-runtime-endpoint=unix:///run/containerd/containerd.sock --fail-swap-on=false --node-ip=172.18.0.2 --node-labels= --pod-infra-container-image=k8s.gcr.io/pause:3.4.1 --provider-id=kind://docker/kind-mono/kind-mono-control-plane --fail-swap-on=false --cgroup-root=/kubelet",
        "name": "kubelet",
        "parent": {
            "pid": 1,
            "start": "0001-01-01T00:00:00Z"
        },
        "pgid": 707,
        "pid": 707,
        "start": "2022-07-13T14:32:33.369042745Z",
        "title": "kubelet",
        "uptime": 134
    },
    "resource": {
        "ecsFormat": "process",
        "id": "8f1cc57f-3d57-5b38-b676-bce503df6707",
        "name": "kubelet",
        "raw": {
            "command": "/usr/bin/kubelet --bootstrap-kubeconfig=/etc/kubernetes/bootstrap-kubelet.conf --kubeconfig=/etc/kubernetes/kubelet.conf --config=/var/lib/kubelet/config.yaml --container-runtime=remote --container-runtime-endpoint=unix:///run/containerd/containerd.sock --fail-swap-on=false --node-ip=172.18.0.2 --node-labels= --pod-infra-container-image=k8s.gcr.io/pause:3.4.1 --provider-id=kind://docker/kind-mono/kind-mono-control-plane --fail-swap-on=false --cgroup-root=/kubelet",
            "external_data": {
                "config": {
                    "apiVersion": "kubelet.config.k8s.io/v1beta1",
                    "authentication": {
                        "anonymous": {
                            "enabled": false
                        },
                        "webhook": {
                            "cacheTTL": "0s",
                            "enabled": true
                        },
                        "x509": {
                            "clientCAFile": "/etc/kubernetes/pki/ca.crt"
                        }
                    },
                    "authorization": {
                        "mode": "Webhook",
                        "webhook": {
                            "cacheAuthorizedTTL": "0s",
                            "cacheUnauthorizedTTL": "0s"
                        }
                    },
                    "cgroupDriver": "cgroupfs",
                    "clusterDNS": [
                        "10.96.0.10"
                    ],
                    "clusterDomain": "cluster.local",
                    "cpuManagerReconcilePeriod": "0s",
                    "evictionHard": {
                        "imagefs.available": "0%",
                        "nodefs.available": "0%",
                        "nodefs.inodesFree": "0%"
                    },
                    "evictionPressureTransitionPeriod": "0s",
                    "fileCheckFrequency": "0s",
                    "healthzBindAddress": "127.0.0.1",
                    "healthzPort": 10248,
                    "httpCheckFrequency": "0s",
                    "imageGCHighThresholdPercent": 100,
                    "imageMinimumGCAge": "0s",
                    "kind": "KubeletConfiguration",
                    "logging": {},
                    "nodeStatusReportFrequency": "0s",
                    "nodeStatusUpdateFrequency": "0s",
                    "rotateCertificates": true,
                    "runtimeRequestTimeout": "0s",
                    "shutdownGracePeriod": "0s",
                    "shutdownGracePeriodCriticalPods": "0s",
                    "staticPodPath": "/etc/kubernetes/manifests",
                    "streamingConnectionIdleTimeout": "0s",
                    "syncFrequency": "0s",
                    "volumeStatsAggPeriod": "0s"
                }
            },
            "pid": "707",
            "stat": {
                "EffectiveGID": "",
                "EffectiveUID": "",
                "Group": "707",
                "Name": "kubelet",
                "Nice": "0",
                "Parent": "1",
                "RealGID": "",
                "RealUID": "",
                "ResidentSize": "112284000",
                "SavedGID": "",
                "SavedUID": "",
                "StartTime": "8675",
                "State": "S",
                "SystemTime": "103",
                "Threads": "15",
                "TotalSize": "1971132000",
                "UserTime": "217"
            }
        },
        "sub_type": "process",
        "type": "process"
    },
    "resource_id": "8f1cc57f-3d57-5b38-b676-bce503df6707",
    "result": {
        "evaluation": "failed",
        "evidence": {
            "process_args": {
                "--/usr/bin/kubelet": "",
                "--bootstrap-kubeconfig": "/etc/kubernetes/bootstrap-kubelet.conf",
                "--cgroup-root": "/kubelet",
                "--config": "/var/lib/kubelet/config.yaml",
                "--container-runtime": "remote",
                "--container-runtime-endpoint": "unix:///run/containerd/containerd.sock",
                "--fail-swap-on": "false",
                "--kubeconfig": "/etc/kubernetes/kubelet.conf",
                "--node-ip": "172.18.0.2",
                "--node-labels": "",
                "--pod-infra-container-image": "k8s.gcr.io/pause:3.4.1",
                "--provider-id": "kind://docker/kind-mono/kind-mono-control-plane"
            }
        },
        "expected": null
    },
    "rule": {
        "audit": "Run the following command on each node:\n```\nps -ef | grep kubelet\n```\nVerify that the `--tls-cert-file` and `--tls-private-key-file` arguments exist and they are set as\nappropriate.\nIf these arguments are not present, check that there is a Kubelet config specified by `--config`\nand that it contains appropriate settings for tlsCertFile and tlsPrivateKeyFile.\n",
        "benchmark": {
            "name": "CIS Kubernetes V1.23",
            "version": "v1.0.0"
        },
        "default_value": "",
        "description": "Setup TLS connection on the Kubelets.\n",
        "id": "dc91f4c4-4f0e-59ba-a0e1-96e996736787,",
        "impact": "",
        "name": "Ensure that the --tls-cert-file and --tls-private-key-file arguments are set as appropriate (Manual)",
        "profile_applicability": "* Level 1 - Worker Node\n",
        "rationale": "The connections from the apiserver to the kubelet are used for fetching logs for pods,\nattaching (through kubectl) to running pods, and using the kubelet\u2019s port-forwarding\nfunctionality. These connections terminate at the kubelet\u2019s HTTPS endpoint. By default, the\napiserver does not verify the kubelet\u2019s serving certificate, which makes the connection\nsubject to man-in-the-middle attacks, and unsafe to run over untrusted and/or public\nnetworks.\n",
        "references": "",
        "remediation": "If using a Kubelet config file, edit the file to set tlsCertFile to the location of the certificate\nfile to use to identify this Kubelet, and tlsPrivateKeyFile to the location of the\ncorresponding private key file.\nIf using command line arguments, edit the kubelet service file\n`/etc/systemd/system/kubelet.service.d/10-kubeadm.conf` on each worker node and set\nthe below parameters in KUBELET_CERTIFICATE_ARGS variable.\n--tls-cert-file=<path/to/tls-certificate-file> --tls-private-key-file=<path/to/tls-key-file>\nBased on your system, restart the kubelet service. For example:\n```\nsystemctl daemon-reload\nsystemctl restart kubelet.service\n```\n",
        "section": "Kubelet",
        "tags": [
            "CIS",
            "Kubernetes",
            "CIS 4.2.10",
            "Kubelet"
        ],
        "version": "1.0"
    },
    "type": "process"
}