{
    "@timestamp": "2022-07-13T14:34:48.352Z",
    "agent": {
        "ephemeral_id": "f3a0dc2b-c17d-41ad-98d6-b130fabbfc81",
        "id": "cfe53861-1981-429e-9577-1d7e222706f8",
        "name": "kind-mono-control-plane",
        "type": "cloudbeat",
        "version": "8.4.0"
    },
    "cloud": {
        "account": {},
        "instance": {
            "id": "a534b387-8224-4949-b857-0414167f21bf",
            "name": "EUS2-GHEUS22UBT20EUS216-0227"
        },
        "machine": {
            "type": "Standard_DS2_v2"
        },
        "provider": "azure",
        "region": "eastus2",
        "service": {
            "name": "Virtual Machines"
        }
    },
    "cluster_id": "9a69ea5e-f30d-4828-b994-e11cab0d177a",
    "cycle_id": "d677b55f-2ded-413d-9145-55a3def3e509",
    "ecs": {
        "version": "8.0.0"
    },
    "host": {
        "architecture": "x86_64",
        "containerized": true,
        "hostname": "kind-mono-control-plane",
        "ip": [
            "10.244.0.1",
            "10.244.0.1",
            "10.244.0.1",
            "172.18.0.2",
            "fc00:f853:ccd:e793::2",
            "fe80::42:acff:fe12:2",
            "10.244.0.1",
            "10.244.0.1"
        ],
        "mac": [
            "02:42:ac:12:00:02",
            "72:e5:f6:22:10:09",
            "8a:df:ed:d6:b4:74",
            "ca:5f:53:c9:1f:0c",
            "d2:76:4e:ae:05:2b",
            "f6:d8:18:57:72:a8"
        ],
        "name": "kind-mono-control-plane",
        "os": {
            "codename": "bullseye",
            "family": "debian",
            "kernel": "5.13.0-1031-azure",
            "name": "Debian GNU/Linux",
            "platform": "debian",
            "type": "linux",
            "version": "11 (bullseye)"
        }
    },
    "resource": {
        "ecsFormat": "",
        "id": "b434a765-0698-47e6-9b43-ec711294b4a9",
        "name": "coredns-558bd4d5db-xdwbd",
        "raw": {
            "apiVersion": "v1",
            "kind": "Pod",
            "metadata": {
                "creationTimestamp": "2022-07-13T14:32:48Z",
                "generateName": "coredns-558bd4d5db-",
                "labels": {
                    "k8s-app": "kube-dns",
                    "pod-template-hash": "558bd4d5db"
                },
                "name": "coredns-558bd4d5db-xdwbd",
                "namespace": "kube-system",
                "ownerReferences": [
                    {
                        "apiVersion": "apps/v1",
                        "blockOwnerDeletion": true,
                        "controller": true,
                        "kind": "ReplicaSet",
                        "name": "coredns-558bd4d5db",
                        "uid": "a668fa72-8bc8-4a74-acc4-6ee3da8c8496"
                    }
                ],
                "resourceVersion": "586",
                "uid": "b434a765-0698-47e6-9b43-ec711294b4a9"
            },
            "spec": {
                "containers": [
                    {
                        "args": [
                            "-conf",
                            "/etc/coredns/Corefile"
                        ],
                        "image": "k8s.gcr.io/coredns/coredns:v1.8.0",
                        "imagePullPolicy": "IfNotPresent",
                        "livenessProbe": {
                            "failureThreshold": 5,
                            "httpGet": {
                                "path": "/health",
                                "port": 8080,
                                "scheme": "HTTP"
                            },
                            "initialDelaySeconds": 60,
                            "periodSeconds": 10,
                            "successThreshold": 1,
                            "timeoutSeconds": 5
                        },
                        "name": "coredns",
                        "ports": [
                            {
                                "containerPort": 53,
                                "name": "dns",
                                "protocol": "UDP"
                            },
                            {
                                "containerPort": 53,
                                "name": "dns-tcp",
                                "protocol": "TCP"
                            },
                            {
                                "containerPort": 9153,
                                "name": "metrics",
                                "protocol": "TCP"
                            }
                        ],
                        "readinessProbe": {
                            "failureThreshold": 3,
                            "httpGet": {
                                "path": "/ready",
                                "port": 8181,
                                "scheme": "HTTP"
                            },
                            "periodSeconds": 10,
                            "successThreshold": 1,
                            "timeoutSeconds": 1
                        },
                        "resources": {
                            "limits": {
                                "memory": "170Mi"
                            },
                            "requests": {
                                "cpu": "100m",
                                "memory": "70Mi"
                            }
                        },
                        "securityContext": {
                            "allowPrivilegeEscalation": false,
                            "capabilities": {
                                "add": [
                                    "NET_BIND_SERVICE"
                                ],
                                "drop": [
                                    "all"
                                ]
                            },
                            "readOnlyRootFilesystem": true
                        },
                        "terminationMessagePath": "/dev/termination-log",
                        "terminationMessagePolicy": "File",
                        "volumeMounts": [
                            {
                                "mountPath": "/etc/coredns",
                                "name": "config-volume",
                                "readOnly": true
                            },
                            {
                                "mountPath": "/var/run/secrets/kubernetes.io/serviceaccount",
                                "name": "kube-api-access-gwnn4",
                                "readOnly": true
                            }
                        ]
                    }
                ],
                "dnsPolicy": "Default",
                "enableServiceLinks": true,
                "nodeName": "kind-mono-control-plane",
                "nodeSelector": {
                    "kubernetes.io/os": "linux"
                },
                "preemptionPolicy": "PreemptLowerPriority",
                "priority": 2000000000.0,
                "priorityClassName": "system-cluster-critical",
                "restartPolicy": "Always",
                "schedulerName": "default-scheduler",
                "securityContext": {},
                "serviceAccount": "coredns",
                "serviceAccountName": "coredns",
                "terminationGracePeriodSeconds": 30,
                "tolerations": [
                    {
                        "key": "CriticalAddonsOnly",
                        "operator": "Exists"
                    },
                    {
                        "effect": "NoSchedule",
                        "key": "node-role.kubernetes.io/master"
                    },
                    {
                        "effect": "NoSchedule",
                        "key": "node-role.kubernetes.io/control-plane"
                    },
                    {
                        "effect": "NoExecute",
                        "key": "node.kubernetes.io/not-ready",
                        "operator": "Exists",
                        "tolerationSeconds": 300
                    },
                    {
                        "effect": "NoExecute",
                        "key": "node.kubernetes.io/unreachable",
                        "operator": "Exists",
                        "tolerationSeconds": 300
                    }
                ],
                "volumes": [
                    {
                        "configMap": {
                            "defaultMode": 420,
                            "items": [
                                {
                                    "key": "Corefile",
                                    "path": "Corefile"
                                }
                            ],
                            "name": "coredns"
                        },
                        "name": "config-volume"
                    },
                    {
                        "name": "kube-api-access-gwnn4",
                        "projected": {
                            "defaultMode": 420,
                            "sources": [
                                {
                                    "serviceAccountToken": {
                                        "expirationSeconds": 3607,
                                        "path": "token"
                                    }
                                },
                                {
                                    "configMap": {
                                        "items": [
                                            {
                                                "key": "ca.crt",
                                                "path": "ca.crt"
                                            }
                                        ],
                                        "name": "kube-root-ca.crt"
                                    }
                                },
                                {
                                    "downwardAPI": {
                                        "items": [
                                            {
                                                "fieldRef": {
                                                    "apiVersion": "v1",
                                                    "fieldPath": "metadata.namespace"
                                                },
                                                "path": "namespace"
                                            }
                                        ]
                                    }
                                }
                            ]
                        }
                    }
                ]
            },
            "status": {
                "conditions": [
                    {
                        "lastProbeTime": null,
                        "lastTransitionTime": "2022-07-13T14:33:12Z",
                        "status": "True",
                        "type": "Initialized"
                    },
                    {
                        "lastProbeTime": null,
                        "lastTransitionTime": "2022-07-13T14:33:16Z",
                        "status": "True",
                        "type": "Ready"
                    },
                    {
                        "lastProbeTime": null,
                        "lastTransitionTime": "2022-07-13T14:33:16Z",
                        "status": "True",
                        "type": "ContainersReady"
                    },
                    {
                        "lastProbeTime": null,
                        "lastTransitionTime": "2022-07-13T14:33:12Z",
                        "status": "True",
                        "type": "PodScheduled"
                    }
                ],
                "containerStatuses": [
                    {
                        "containerID": "containerd://ba110a482c35c6c613eda4ef5474946f5f1ee4494aed0e1c3a775db928453754",
                        "image": "k8s.gcr.io/coredns/coredns:v1.8.0",
                        "imageID": "sha256:296a6d5035e2d6919249e02709a488d680ddca91357602bd65e605eac967b899",
                        "lastState": {},
                        "name": "coredns",
                        "ready": true,
                        "restartCount": 0,
                        "started": true,
                        "state": {
                            "running": {
                                "startedAt": "2022-07-13T14:33:15Z"
                            }
                        }
                    }
                ],
                "hostIP": "172.18.0.2",
                "phase": "Running",
                "podIP": "10.244.0.2",
                "podIPs": [
                    {
                        "ip": "10.244.0.2"
                    }
                ],
                "qosClass": "Burstable",
                "startTime": "2022-07-13T14:33:12Z"
            }
        },
        "sub_type": "Pod",
        "type": "k8s_object"
    },
    "resource_id": "b434a765-0698-47e6-9b43-ec711294b4a9",
    "result": {
        "evaluation": "failed",
        "evidence": null,
        "expected": null
    },
    "rule": {
        "audit": "List the policies in use for each namespace in the cluster, ensure that at least one policy \nrequires that capabilities are dropped by all containers.\n",
        "benchmark": {
            "name": "CIS Kubernetes V1.23",
            "version": "v1.0.0"
        },
        "default_value": "By default, there are no restrictions on the creation of containers with additional capabilities\n",
        "description": "Do not generally permit containers with capabilities\n",
        "id": "cfcc0315-7d89-5b9c-ab1a-eaf860e8942f",
        "impact": "Pods with containers require capabilities to operate will not be permitted.\n",
        "name": "Minimize the admission of containers with capabilities assigned (Manual)",
        "profile_applicability": "* Level 2 - Master Node\n",
        "rationale": "Containers run with a default set of capabilities as assigned by the Container Runtime. Capabilities are parts of the rights generally granted on a Linux system to the root user. In many cases applications running in containers do not require any capabilities to operate, so from the perspective of the principal of least privilege use of capabilities should be minimized.\n",
        "references": "1. https://kubernetes.io/docs/concepts/security/pod-security-standards/\n2. https://www.nccgroup.trust/uk/our-research/abusing-privileged-and-\nunprivileged-linux-containers/\n",
        "remediation": "Review the use of capabilites in applications runnning on your cluster.\nWhere\na namespace\ncontains applicaions which do not require any Linux capabities to operate consider adding\na policy which forbids the admission of containers which do not drop all capabilities.\n",
        "section": "Pod Security Standards",
        "tags": [
            "CIS",
            "Kubernetes",
            "CIS 5.2.10",
            "Pod Security Standards"
        ],
        "version": "1.0"
    },
    "type": "k8s_object"
}